{"cameraMode":{"drawMode":0,"name":"Shaded","section":"Shading Mode"},"sceneLighting":false,"audioPlay":false,"sceneViewState":{"m_AlwaysRefresh":false,"showFog":true,"showSkybox":false,"showFlares":true,"showImageEffects":true,"showParticleSystems":true,"showVisualEffectGraphs":true,"m_FxEnabled":true},"in2DMode":false,"pivot":{"x":0.9769378900527954,"y":0.5072572827339172,"z":-0.002007603645324707},"rotation":{"x":0.09453437477350235,"y":-0.7657946348190308,"z":0.11574015021324158,"w":0.6254919767379761},"size":3.5624473094940187,"orthographic":true}